day,ave
Sat,22.333333333333332
Sun,27.333333333333332
Mon,33.0
Tue,30.0
Wed,31.0
Thu,26.333333333333332
Fri,27.666666666666668
